Workbook

Sheet Panel
A1: Panel de avance – Itinerario PPP Smart Agriculture
A2: Todo se calcula a partir de las hojas Itinerario, Avances y Checklist_Protocolo.
B4: RESUMEN GENERAL
B5: Inicio de prácticas | C5: 46293
B6: Fin de prácticas | C6: 46374
B7: Hoy | C7: =TODAY() -> 46297
B8: Horas totales del itinerario | C8: =SUM(Itinerario!$H$5:$H$84) -> 240
B9: Horas completadas (ponderadas por estado) | C9: =SUMPRODUCT(Itinerario!$H$5:$H$84,Itinerario!$M$5:$M$84) -> 72
B10: % de avance real | C10: =IF(C8=0,0,C9/C8) -> 0.3
B11: % que debería llevar a hoy | C11: =IF(C8=0,0,SUMIFS(Itinerario!$H$5:$H$84,Itinerario!$B$5:$B$84,"<="&C7)/C8) -> 0.125
B12: Diferencia (real − esperado) | C12: =C10-C11 -> 0.175
B13: Situación | C13: =IF(C12>=0,"Al día o adelantado","Atrasado") -> Al día o adelantado
B14: Tareas completadas | C14: =COUNTIF(Itinerario!$L$5:$L$84,"Completado")&" de "&COUNTA(Itinerario!$G$5:$G$84) -> 22 de 80
B15: Tareas en curso | C15: =COUNTIF(Itinerario!$L$5:$L$84,"En curso") -> 4
B16: Tareas atrasadas | C16: =COUNTIF(Itinerario!$N$5:$N$84,"Atrasada") -> 0
B17: Avance del checklist del protocolo | C17: =Checklist_Protocolo!D24 -> 1
B18: Próximo avance a enviar | C18: =IFERROR(INDEX(Avances!$A$5:$A$16,MATCH(_xlfn.MINIFS(Avances!$E$5:$E$16,Avances!$I$5:$I$16,"Pendiente"),Avances!$E$5:$E$16,0))&" – "&INDEX(Avances!$B$5:$B$16,MATCH(_xlfn.MINIFS(Avances!$E$5:$E$16,Avances!$I$5:$I$16,"Pendiente"),Avances!$E$5:$E$16,0)),"Todos enviados") -> A1 – Protocolo de la SLR (v3) + fundamentos
B19: Fecha planificada del próximo avance | C19: =IFERROR(1/(1/_xlfn.MINIFS(Avances!$E$5:$E$16,Avances!$I$5:$I$16,"Pendiente")),"-") -> 46295
B21: AVANCE POR FASE
B22: Fase | C22: Fechas | D22: Horas | E22: Horas hechas | F22: % avance | G22: Tareas
B23: F1. Inducción y estado del arte | C23: 28/09 – 30/09 | D23: =SUMIFS(Itinerario!$H$5:$H$84,Itinerario!$D$5:$D$84,B23) -> 18 | E23: =SUMPRODUCT((Itinerario!$D$5:$D$84=B23)*Itinerario!$H$5:$H$84*Itinerario!$M$5:$M$84) -> 18 | F23: =IF(D23=0,0,E23/D23) -> 1 | G23: =COUNTIFS(Itinerario!$D$5:$D$84,B23,Itinerario!$L$5:$L$84,"Completado")&" / "&COUNTIF(Itinerario!$D$5:$D$84,B23) -> 6 / 6
B24: F2. Revisión sistemática (SLR) | C24: 01/10 – 26/10 | D24: =SUMIFS(Itinerario!$H$5:$H$84,Itinerario!$D$5:$D$84,B24) -> 66 | E24: =SUMPRODUCT((Itinerario!$D$5:$D$84=B24)*Itinerario!$H$5:$H$84*Itinerario!$M$5:$M$84) -> 54 | F24: =IF(D24=0,0,E24/D24) -> 0.81818182 | G24: =COUNTIFS(Itinerario!$D$5:$D$84,B24,Itinerario!$L$5:$L$84,"Completado")&" / "&COUNTIF(Itinerario!$D$5:$D$84,B24) -> 16 / 22
B25: F3. Construcción del dataset | C25: 27/10 – 06/11 | D25: =SUMIFS(Itinerario!$H$5:$H$84,Itinerario!$D$5:$D$84,B25) -> 42 | E25: =SUMPRODUCT((Itinerario!$D$5:$D$84=B25)*Itinerario!$H$5:$H$84*Itinerario!$M$5:$M$84) -> 0 | F25: =IF(D25=0,0,E25/D25) -> 0 | G25: =COUNTIFS(Itinerario!$D$5:$D$84,B25,Itinerario!$L$5:$L$84,"Completado")&" / "&COUNTIF(Itinerario!$D$5:$D$84,B25) -> 0 / 14
B26: F4. Modelos de IA | C26: 09/11 – 13/11 | D26: =SUMIFS(Itinerario!$H$5:$H$84,Itinerario!$D$5:$D$84,B26) -> 30 | E26: =SUMPRODUCT((Itinerario!$D$5:$D$84=B26)*Itinerario!$H$5:$H$84*Itinerario!$M$5:$M$84) -> 0 | F26: =IF(D26=0,0,E26/D26) -> 0 | G26: =COUNTIFS(Itinerario!$D$5:$D$84,B26,Itinerario!$L$5:$L$84,"Completado")&" / "&COUNTIF(Itinerario!$D$5:$D$84,B26) -> 0 / 10
B27: F5. HCI y diseño de interfaz | C27: 16/11 – 17/11 | D27: =SUMIFS(Itinerario!$H$5:$H$84,Itinerario!$D$5:$D$84,B27) -> 12 | E27: =SUMPRODUCT((Itinerario!$D$5:$D$84=B27)*Itinerario!$H$5:$H$84*Itinerario!$M$5:$M$84) -> 0 | F27: =IF(D27=0,0,E27/D27) -> 0 | G27: =COUNTIFS(Itinerario!$D$5:$D$84,B27,Itinerario!$L$5:$L$84,"Completado")&" / "&COUNTIF(Itinerario!$D$5:$D$84,B27) -> 0 / 4
B28: F6. Desarrollo de la app móvil | C28: 18/11 – 25/11 | D28: =SUMIFS(Itinerario!$H$5:$H$84,Itinerario!$D$5:$D$84,B28) -> 36 | E28: =SUMPRODUCT((Itinerario!$D$5:$D$84=B28)*Itinerario!$H$5:$H$84*Itinerario!$M$5:$M$84) -> 0 | F28: =IF(D28=0,0,E28/D28) -> 0 | G28: =COUNTIFS(Itinerario!$D$5:$D$84,B28,Itinerario!$L$5:$L$84,"Completado")&" / "&COUNTIF(Itinerario!$D$5:$D$84,B28) -> 0 / 12
B29: F7. Evaluación y validación | C29: 26/11 – 30/11 | D29: =SUMIFS(Itinerario!$H$5:$H$84,Itinerario!$D$5:$D$84,B29) -> 18 | E29: =SUMPRODUCT((Itinerario!$D$5:$D$84=B29)*Itinerario!$H$5:$H$84*Itinerario!$M$5:$M$84) -> 0 | F29: =IF(D29=0,0,E29/D29) -> 0 | G29: =COUNTIFS(Itinerario!$D$5:$D$84,B29,Itinerario!$L$5:$L$84,"Completado")&" / "&COUNTIF(Itinerario!$D$5:$D$84,B29) -> 0 / 6
B30: F8. Consolidación e informe final | C30: 01/12 – 18/12 | D30: =SUMIFS(Itinerario!$H$5:$H$84,Itinerario!$D$5:$D$84,B30) -> 18 | E30: =SUMPRODUCT((Itinerario!$D$5:$D$84=B30)*Itinerario!$H$5:$H$84*Itinerario!$M$5:$M$84) -> 0 | F30: =IF(D30=0,0,E30/D30) -> 0 | G30: =COUNTIFS(Itinerario!$D$5:$D$84,B30,Itinerario!$L$5:$L$84,"Completado")&" / "&COUNTIF(Itinerario!$D$5:$D$84,B30) -> 0 / 6
B32: CÓMO USAR ESTE ARCHIVO
B33: 1. Cada día, en la hoja Itinerario, cambia el Estado de tus tareas (Pendiente - En curso - Completado).
B34: 2. Cuando envíes un avance a la tutora, actualiza la hoja Avances (fecha real, versión, estado).
B35: 3. Las correcciones de la tutora se registran en SLR_SmartAgriculture/00_Planificacion/Registro_correcciones.xlsx.
B36: 4. Este panel se actualiza solo: % real frente a % esperado según la fecha de hoy.
B37: 5. Celdas amarillas = para editar. No borres las fórmulas de las columnas % avance, Alerta y Semana.

Sheet Itinerario
A1: Itinerario detallado – PPP / Pasantías (Smart Agriculture)
A2: Edita solo las columnas amarillas: Estado (lista), Fecha real y Observaciones. El % y las alertas se calculan solos.
A4: ID | B4: Fecha | C4: Semana | D4: Fase | E4: N.º | F4: Actividad | G4: Tarea (itinerario) | H4: Horas | I4: Entregable / evidencia | J4: Ubicación (carpeta / archivo) | K4: Avance | L4: Estado | M4: % avance | N4: Alerta | O4: Fecha real de término | P4: Observaciones
A5: T01 | B5: 46293 | C5: =INT((B5-Panel!$C$5)/7)+1 -> 1 | D5: F1. Inducción y estado del arte | E5: 1 | F5: Inducción al proyecto de investigación | G5: Revisar objetivos, alcance y metodología de Smart Agriculture. | H5: 3 | I5: Protocolo SLR v3 (solo fuentes de Grupos v2) + hoja Protocolo de la matriz v5 + Inventario de fuentes. | J5: SLR_SmartAgriculture/01_Induccion + 00_Planificacion | K5: A1 | L5: Completado | M5: =IF(L5="Completado",1,IF(L5="En curso",0.5,0)) -> 1 | N5: =IF(L5="Completado","",IF(B5<TODAY(),"Atrasada",IF(B5=TODAY(),"Hoy",""))) | O5: 46296 | P5: Entregado el 01/10: protocolo v3, hoja Protocolo (v5) e inventario. Validado por el autor el 01/10/2026.
A6: T02 | B6: 46293 | C6: =INT((B6-Panel!$C$5)/7)+1 -> 1 | D6: F1. Inducción y estado del arte | E6: 1 | F6: Inducción al proyecto de investigación | G6: Revisar fundamentos de IA, visión por computador, aprendizaje profundo y HCI. | H6: 3 | I6: Fundamentos de IA, VC, DL e IPO (9 fuentes de Grupos v2). | J6: SLR_SmartAgriculture/01_Induccion/Fundamentos_IA_VC_DL_IPO.docx | K6: A1 | L6: Completado | M6: =IF(L6="Completado",1,IF(L6="En curso",0.5,0)) -> 1 | N6: =IF(L6="Completado","",IF(B6<TODAY(),"Atrasada",IF(B6=TODAY(),"Hoy",""))) | O6: 46296 | P6: Entregado el 01/10: Fundamentos_IA_VC_DL_IPO.docx. Validado por el autor el 01/10/2026.
A7: T03 | B7: 46294 | C7: =INT((B7-Panel!$C$5)/7)+1 -> 1 | D7: F1. Inducción y estado del arte | E7: 2 | F7: Desarrollo del estado del arte | G7: Investigar enfermedades y alteraciones visibles en tallos de aguacate. | H7: 3 | I7: Estado del arte v2: enfermedades del tallo (solo fuentes de Grupos v2). | J7: SLR_SmartAgriculture/02_Estado_del_arte/Estado_del_arte_v2.docx | K7: A1 | L7: Completado | M7: =IF(L7="Completado",1,IF(L7="En curso",0.5,0)) -> 1 | N7: =IF(L7="Completado","",IF(B7<TODAY(),"Atrasada",IF(B7=TODAY(),"Hoy",""))) | O7: 46296 | P7: Entregado el 01/10/2026: secciones 2.6 (tallo, Tablas 8–10). Validado por el autor el 01/10/2026.
A8: T04 | B8: 46294 | C8: =INT((B8-Panel!$C$5)/7)+1 -> 1 | D8: F1. Inducción y estado del arte | E8: 2 | F8: Desarrollo del estado del arte | G8: Revisar técnicas de visión por computador y aprendizaje profundo. | H8: 3 | I8: Estado del arte v2: IA y visión por computador para enfermedades. | J8: SLR_SmartAgriculture/02_Estado_del_arte/Estado_del_arte_v2.docx | K8: A1 | L8: Completado | M8: =IF(L8="Completado",1,IF(L8="En curso",0.5,0)) -> 1 | N8: =IF(L8="Completado","",IF(B8<TODAY(),"Atrasada",IF(B8=TODAY(),"Hoy",""))) | O8: 46296 | P8: Entregado el 01/10/2026: secciones 2.5 (CNN, datasets, métricas y sistemas móviles). Validado por el autor el 01/10/2026.
A9: T05 | B9: 46295 | C9: =INT((B9-Panel!$C$5)/7)+1 -> 1 | D9: F1. Inducción y estado del arte | E9: 2 | F9: Desarrollo del estado del arte | G9: Analizar aplicaciones móviles inteligentes aplicadas a la agricultura. | H9: 3 | I9: Estado del arte v2: aplicaciones móviles inteligentes en agricultura. | J9: SLR_SmartAgriculture/02_Estado_del_arte/Estado_del_arte_v2.docx | K9: A1 | L9: Completado | M9: =IF(L9="Completado",1,IF(L9="En curso",0.5,0)) -> 1 | N9: =IF(L9="Completado","",IF(B9<TODAY(),"Atrasada",IF(B9=TODAY(),"Hoy",""))) | O9: 46296 | P9: Entregado el 01/10/2026: secciones 2.1 y 2.4 (apps móviles e IA en agricultura). Validado por el autor el 01/10/2026.
A10: T06 | B10: 46295 | C10: =INT((B10-Panel!$C$5)/7)+1 -> 1 | D10: F1. Inducción y estado del arte | E10: 2 | F10: Desarrollo del estado del arte | G10: Identificar métodos y principios HCI utilizados en soluciones inteligentes. | H10: 3 | I10: Estado del arte v2: IPO e integración IA–IPO. Revisión de la tutora. | J10: SLR_SmartAgriculture/02_Estado_del_arte/Estado_del_arte_v2.docx | K10: A1 | L10: Completado | M10: =IF(L10="Completado",1,IF(L10="En curso",0.5,0)) -> 1 | N10: =IF(L10="Completado","",IF(B10<TODAY(),"Atrasada",IF(B10=TODAY(),"Hoy",""))) | O10: 46296 | P10: Entregado el 01/10/2026: secciones 2.2 y 2.3 (IPO e integración IA–IPO). Validado por el autor el 01/10/2026; falta la revisión de la tutora.
A11: T07 | B11: 46296 | C11: =INT((B11-Panel!$C$5)/7)+1 -> 1 | D11: F2. Revisión sistemática (SLR) | E11: 3 | F11: Búsqueda y organización de literatura científica | G11: Buscar artículos en Scopus, Sciencedirect, Springer, IEEE Xplore y Web of Science. | H11: 3 | I11: Registrar las 16 cadenas (Scopus, ScienceDirect, Springer) con fecha y registros exportados. Sin acceso a IEEE ni WoS. | J11: SLR_SmartAgriculture/03_Matriz_SLR/SLR_tallos_aguacate_PLANTILLA_v5.xlsx › Cadenas_de_busqueda | K11: A2 | L11: Completado | M11: =IF(L11="Completado",1,IF(L11="En curso",0.5,0)) -> 1 | N11: =IF(L11="Completado","",IF(B11<TODAY(),"Atrasada",IF(B11=TODAY(),"Hoy",""))) | O11: 46296 | P11: Entregado el 01/10/2026: hoja Cadenas_de_busqueda del v5 con las 16 cadenas (1–9, 12–15 y 16–18), fecha, campos, filtros y registros exportados (78). Validado por el autor el 01/10/2026.
A12: T08 | B12: 46296 | C12: =INT((B12-Panel!$C$5)/7)+1 -> 1 | D12: F2. Revisión sistemática (SLR) | E12: 3 | F12: Búsqueda y organización de literatura científica | G12: Registrar y organizar referencias bibliográficas. | H12: 3 | I12: Consolidar todos los registros exportados con su ID. | J12: SLR_SmartAgriculture/03_Matriz_SLR/SLR_tallos_aguacate_PLANTILLA_v5.xlsx › Base_consolidada | K12: A2 | L12: Completado | M12: =IF(L12="Completado",1,IF(L12="En curso",0.5,0)) -> 1 | N12: =IF(L12="Completado","",IF(B12<TODAY(),"Atrasada",IF(B12=TODAY(),"Hoy",""))) | O12: 46296 | P12: Entregado el 01/10/2026: 78 exportados → 68 registros únicos por base, con ID (A0001–A0048, T0001–T0020). Validado por el autor el 01/10/2026.
A13: T09 | B13: 46297 | C13: =INT((B13-Panel!$C$5)/7)+1 -> 1 | D13: F2. Revisión sistemática (SLR) | E13: 3 | F13: Búsqueda y organización de literatura científica | G13: Elaborar la matriz bibliográfica de artículos científicos. | H13: 3 | I13: Matriz v5 con la base consolidada completa. | J13: SLR_SmartAgriculture/03_Matriz_SLR/SLR_tallos_aguacate_PLANTILLA_v5.xlsx | K13: A2 | L13: Completado | M13: =IF(L13="Completado",1,IF(L13="En curso",0.5,0)) -> 1 | N13: =IF(L13="Completado","",IF(B13<TODAY(),"Atrasada",IF(B13=TODAY(),"Hoy",""))) | O13: 46296 | P13: Entregado el 01/10/2026: hoja Base_consolidada del v5 (título, autores, año, DOI, palabras clave, resumen, revista, registro fuente). Validado por el autor el 01/10/2026.
A14: T10 | B14: 46297 | C14: =INT((B14-Panel!$C$5)/7)+1 -> 1 | D14: F2. Revisión sistemática (SLR) | E14: 3 | F14: Búsqueda y organización de literatura científica | G14: Clasificar investigaciones sobre IA, HCI y aplicaciones móviles. | H14: 3 | I14: Clasificar los registros en Fitopatológico / Tecnológico. | J14: SLR_SmartAgriculture/03_Matriz_SLR/SLR_tallos_aguacate_PLANTILLA_v5.xlsx › Base_consolidada | K14: A2 | L14: Completado | M14: =IF(L14="Completado",1,IF(L14="En curso",0.5,0)) -> 1 | N14: =IF(L14="Completado","",IF(B14<TODAY(),"Atrasada",IF(B14=TODAY(),"Hoy",""))) | O14: 46296 | P14: Entregado el 01/10/2026: 48 fitopatológicos y 20 tecnológicos (columna Categoría). Validado por el autor el 01/10/2026.
A15: T11 | B15: 46300 | C15: =INT((B15-Panel!$C$5)/7)+1 -> 2 | D15: F2. Revisión sistemática (SLR) | E15: 4 | F15: Aplicación de la metodología PRISMA 2020 | G15: Identificar registros y eliminar duplicados. | H15: 3 | I15: Duplicados dentro de cada base y entre bases; revisiones retiradas. | J15: SLR_SmartAgriculture/03_Matriz_SLR/SLR_tallos_aguacate_PLANTILLA_v5.xlsx › Duplicados_y_exclusion | K15: A3 | L15: Completado | M15: =IF(L15="Completado",1,IF(L15="En curso",0.5,0)) -> 1 | N15: =IF(L15="Completado","",IF(B15<TODAY(),"Atrasada",IF(B15=TODAY(),"Hoy",""))) | O15: 46297 | P15: Entregado el 01/10/2026: 4 duplicados entre bases y 9 revisiones retirados (hoja Duplicados_y_exclusion); 55 registros pasan al cribado. Validado por el autor el 02/10/2026 (tablas de resumen añadidas).
A16: T12 | B16: 46300 | C16: =INT((B16-Panel!$C$5)/7)+1 -> 2 | D16: F2. Revisión sistemática (SLR) | E16: 4 | F16: Aplicación de la metodología PRISMA 2020 | G16: Tamizar artículos por título y resumen. | H16: 3 | I16: Cribado de todos los registros con los criterios CI/CE del protocolo v3. | J16: SLR_SmartAgriculture/03_Matriz_SLR/SLR_tallos_aguacate_PLANTILLA_v5.xlsx › Tamizaje_Tit_Abs_Keys | K16: A3 | L16: Completado | M16: =IF(L16="Completado",1,IF(L16="En curso",0.5,0)) -> 1 | N16: =IF(L16="Completado","",IF(B16<TODAY(),"Atrasada",IF(B16=TODAY(),"Hoy",""))) | O16: 46297 | P16: Entregado el 01/10/2026: 55 cribados → 22 a texto completo y 33 excluidos (hoja Tamizaje_Tit_Abs_Keys). Validado por el autor el 02/10/2026 (tablas de resumen añadidas).
... A26: T22 | B26: 46307 | C26: =INT((B26-Panel!$C$5)/7)+1 -> 3 | D26: F2. Revisión sistemática (SLR) | E26: 7 | F26: Elaboración del diagrama PRISMA | G26: Elaborar y verificar el diagrama PRISMA 2020. | H26: 3 | I26: Figura PRISMA verificada contra la matriz. | J26: SLR_SmartAgriculture/03_Matriz_SLR (hoja PRISMA) y 04_PRISMA/PRISMA_2020_diagrama_v2.png | K26: A4 | L26: Completado | M26: =IF(L26="Completado",1,IF(L26="En curso",0.5,0)) -> 1 | N26: =IF(L26="Completado","",IF(B26<TODAY(),"Atrasada",IF(B26=TODAY(),"Hoy",""))) | O26: 46297 | P26: Entregado el 02/10/2026: figura 04_PRISMA/PRISMA_2020_diagrama_v2.png (y .pdf) generada desde la hoja PRISMA: 78 → 55 cribados → 22 a texto completo → 17 incluidos (12 + 5). Validado por el autor el 02/10/2026.
A27: T23 | B27: 46308 | C27: =INT((B27-Panel!$C$5)/7)+1 -> 3 | D27: F2. Revisión sistemática (SLR) | E27: 8 | F27: Redacción del borrador de la SLR | G27: Redactar introducción y metodología. | H27: 3 | I27: Documento SLR: introducción (desde el estado del arte) y metodología (desde el protocolo). | J27: SLR_SmartAgriculture/05_Redaccion_SLR/SLR_tallos_aguacate_v1.docx | K27: A4 | L27: En curso | M27: =IF(L27="Completado",1,IF(L27="En curso",0.5,0)) -> 0.5 | N27: =IF(L27="Completado","",IF(B27<TODAY(),"Atrasada",IF(B27=TODAY(),"Hoy",""))) | P27: Entregado el 02/10/2026: introducción (desde el estado del arte) y metodología (diseño, fuentes, criterios, selección, calidad y extracción) en el borrador v1. Pendiente de tu validación.
A28: T24 | B28: 46308 | C28: =INT((B28-Panel!$C$5)/7)+1 -> 3 | D28: F2. Revisión sistemática (SLR) | E28: 8 | F28: Redacción del borrador de la SLR | G28: Redactar resultados e integrar tablas y figuras. | H28: 3 | I28: Resultados por RQ con tablas y figura PRISMA. | J28: SLR_SmartAgriculture/05_Redaccion_SLR/SLR_tallos_aguacate_v1.docx | K28: A4 | L28: En curso | M28: =IF(L28="Completado",1,IF(L28="En curso",0.5,0)) -> 0.5 | N28: =IF(L28="Completado","",IF(B28<TODAY(),"Atrasada",IF(B28=TODAY(),"Hoy",""))) | P28: Entregado el 02/10/2026: resultados por RQ1–RQ4 con 9 tablas y la Figura 1 (PRISMA v2), generadas desde la matriz v5. Pendiente de tu validación.
A29: T25 | B29: 46309 | C29: =INT((B29-Panel!$C$5)/7)+1 -> 3 | D29: F2. Revisión sistemática (SLR) | E29: 8 | F29: Redacción del borrador de la SLR | G29: Redactar discusión y conclusiones preliminares. | H29: 3 | I29: Discusión, limitaciones y conclusiones. | J29: SLR_SmartAgriculture/05_Redaccion_SLR/SLR_tallos_aguacate_v1.docx | K29: A4 | L29: En curso | M29: =IF(L29="Completado",1,IF(L29="En curso",0.5,0)) -> 0.5 | N29: =IF(L29="Completado","",IF(B29<TODAY(),"Atrasada",IF(B29=TODAY(),"Hoy",""))) | P29: Entregado el 02/10/2026: discusión (4.1–4.3), brechas RQ5 (Tabla 9), limitaciones y conclusiones por RQ. Pendiente de tu validación.
A30: T26 | B30: 46309 | C30: =INT((B30-Panel!$C$5)/7)+1 -> 3 | D30: F2. Revisión sistemática (SLR) | E30: 8 | F30: Redacción del borrador de la SLR | G30: Organizar referencias y consolidar el borrador. | H30: 3 | I30: Referencias APA 7 (solo Grupos v2). ENVIAR a la tutora. | J30: SLR_SmartAgriculture/05_Redaccion_SLR/SLR_tallos_aguacate_v1.docx | K30: A4 | L30: En curso | M30: =IF(L30="Completado",1,IF(L30="En curso",0.5,0)) -> 0.5 | N30: =IF(L30="Completado","",IF(B30<TODAY(),"Atrasada",IF(B30=TODAY(),"Hoy",""))) | P30: Entregado el 02/10/2026: 31 referencias APA 7, todas de Grupos v2 y citadas; anexos A (cadenas), B (excluidos) y C (calidad). Pendiente de tu validación; luego ENVIAR a la tutora (Avance A4).
A31: T27 | B31: 46321 | C31: =INT((B31-Panel!$C$5)/7)+1 -> 5 | D31: F2. Revisión sistemática (SLR) | E31: 9 | F31: Revisión del documento científico | G31: Revisar coherencia metodológica, resultados y trazabilidad. | H31: 3 | I31: Aplicar correcciones de la tutora y registrar cada cambio. | J31: SLR_SmartAgriculture/06_Revision + 00_Planificacion/Registro_correcciones.xlsx | K31: A5 | L31: Pendiente | M31: =IF(L31="Completado",1,IF(L31="En curso",0.5,0)) -> 0 | N31: =IF(L31="Completado","",IF(B31<TODAY(),"Atrasada",IF(B31=TODAY(),"Hoy","")))
A32: T28 | B32: 46321 | C32: =INT((B32-Panel!$C$5)/7)+1 -> 5 | D32: F2. Revisión sistemática (SLR) | E32: 9 | F32: Revisión del documento científico | G32: Corregir referencias, tablas, figuras y estructura. | H32: 3 | I32: Versión final de la SLR. | J32: SLR_SmartAgriculture/06_Revision | K32: A5 | L32: Pendiente | M32: =IF(L32="Completado",1,IF(L32="En curso",0.5,0)) -> 0 | N32: =IF(L32="Completado","",IF(B32<TODAY(),"Atrasada",IF(B32=TODAY(),"Hoy","")))
A33: T29 | B33: 46322 | C33: =INT((B33-Panel!$C$5)/7)+1 -> 5 | D33: F3. Construcción del dataset | E33: 10 | F33: Diseño del protocolo para la construcción del dataset | G33: Definir captura, iluminación, distancia, orientación y resolución. | H33: 3 | I33: Protocolo de adquisición de imágenes: dispositivo, iluminación, distancia, ángulos y resolución (apoyado en la SLR). | J33: Dataset/Protocolo | K33: A6 | L33: Pendiente | M33: =IF(L33="Completado",1,IF(L33="En curso",0.5,0)) -> 0 | N33: =IF(L33="Completado","",IF(B33<TODAY(),"Atrasada",IF(B33=TODAY(),"Hoy","")))
A34: T30 | B34: 46322 | C34: =INT((B34-Panel!$C$5)/7)+1 -> 5 | D34: F3. Construcción del dataset | E34: 10 | F34: Diseño del protocolo para la construcción del dataset | G34: Definir identificación, almacenamiento, clasificación, etiquetado y metadatos. | H34: 3 | I34: Clases (según los artículos biológicos de enfermedades del tallo), nombres de archivo, carpetas y plantilla de metadatos. ENVIAR → Avance 6. | J34: Dataset/Protocolo | K34: A6 | L34: Pendiente | M34: =IF(L34="Completado",1,IF(L34="En curso",0.5,0)) -> 0 | N34: =IF(L34="Completado","",IF(B34<TODAY(),"Atrasada",IF(B34=TODAY(),"Hoy","")))
A35: T31 | B35: 46323 | C35: =INT((B35-Panel!$C$5)/7)+1 -> 5 | D35: F3. Construcción del dataset | E35: 11 | F35: Recolección y organización de imágenes de tallos de aguacate | G35: Capturar imágenes de tallos sanos y con alteraciones visibles. | H35: 3 | I35: Lote 1 de imágenes + registro de campo. | J35: Dataset/Imagenes | K35: A7 | L35: Pendiente | M35: =IF(L35="Completado",1,IF(L35="En curso",0.5,0)) -> 0 | N35: =IF(L35="Completado","",IF(B35<TODAY(),"Atrasada",IF(B35=TODAY(),"Hoy","")))
A36: T32 | B36: 46323 | C36: =INT((B36-Panel!$C$5)/7)+1 -> 5 | D36: F3. Construcción del dataset | E36: 11 | F36: Recolección y organización de imágenes de tallos de aguacate | G36: Registrar condiciones de captura e identificación de muestras. | H36: 3 | I36: Hoja de metadatos (fecha, lugar, planta, condiciones). | J36: Dataset/Metadatos | K36: A7 | L36: Pendiente | M36: =IF(L36="Completado",1,IF(L36="En curso",0.5,0)) -> 0 | N36: =IF(L36="Completado","",IF(B36<TODAY(),"Atrasada",IF(B36=TODAY(),"Hoy","")))
A37: T33 | B37: 46324 | C37: =INT((B37-Panel!$C$5)/7)+1 -> 5 | D37: F3. Construcción del dataset | E37: 11 | F37: Recolección y organización de imágenes de tallos de aguacate | G37: Recolectar imágenes complementarias de las clases definidas. | H37: 3 | I37: Lote 2 de imágenes para completar las clases. | J37: Dataset/Imagenes | K37: A7 | L37: Pendiente | M37: =IF(L37="Completado",1,IF(L37="En curso",0.5,0)) -> 0 | N37: =IF(L37="Completado","",IF(B37<TODAY(),"Atrasada",IF(B37=TODAY(),"Hoy","")))
A38: T34 | B38: 46324 | C38: =INT((B38-Panel!$C$5)/7)+1 -> 5 | D38: F3. Construcción del dataset | E38: 11 | F38: Recolección y organización de imágenes de tallos de aguacate | G38: Organizar imágenes y verificar el protocolo de adquisición. | H38: 3 | I38: Verificación de cumplimiento del protocolo de captura. | J38: Dataset | K38: A7 | L38: Pendiente | M38: =IF(L38="Completado",1,IF(L38="En curso",0.5,0)) -> 0 | N38: =IF(L38="Completado","",IF(B38<TODAY(),"Atrasada",IF(B38=TODAY(),"Hoy","")))
A39: T35 | B39: 46325 | C39: =INT((B39-Panel!$C$5)/7)+1 -> 5 | D39: F3. Construcción del dataset | E39: 12 | F39: Depuración, clasificación y etiquetado del dataset | G39: Identificar imágenes no válidas y eliminar duplicados. | H39: 3 | I39: Registro de imágenes descartadas y motivo. | J39: Dataset | K39: A7 | L39: Pendiente | M39: =IF(L39="Completado",1,IF(L39="En curso",0.5,0)) -> 0 | N39: =IF(L39="Completado","",IF(B39<TODAY(),"Atrasada",IF(B39=TODAY(),"Hoy","")))
A40: T36 | B40: 46325 | C40: =INT((B40-Panel!$C$5)/7)+1 -> 5 | D40: F3. Construcción del dataset | E40: 12 | F40: Depuración, clasificación y etiquetado del dataset | G40: Clasificar y etiquetar imágenes por clases. | H40: 3 | I40: Imágenes etiquetadas por clase. | J40: Dataset | K40: A7 | L40: Pendiente | M40: =IF(L40="Completado",1,IF(L40="En curso",0.5,0)) -> 0 | N40: =IF(L40="Completado","",IF(B40<TODAY(),"Atrasada",IF(B40=TODAY(),"Hoy","")))
A41: T37 | B41: 46330 | C41: =INT((B41-Panel!$C$5)/7)+1 -> 6 | D41: F3. Construcción del dataset | E41: 12 | F41: Depuración, clasificación y etiquetado del dataset | G41: Revisar etiquetas y controlar calidad del dataset. | H41: 3 | I41: Control de calidad de etiquetas (muestra revisada). | J41: Dataset | K41: A7 | L41: Pendiente | M41: =IF(L41="Completado",1,IF(L41="En curso",0.5,0)) -> 0 | N41: =IF(L41="Completado","",IF(B41<TODAY(),"Atrasada",IF(B41=TODAY(),"Hoy","")))
A42: T38 | B42: 46330 | C42: =INT((B42-Panel!$C$5)/7)+1 -> 6 | D42: F3. Construcción del dataset | E42: 12 | F42: Depuración, clasificación y etiquetado del dataset | G42: Organizar imágenes y metadatos por clases. | H42: 3 | I42: Dataset v1 etiquetado + metadatos. ENVIAR → Avance 7. | J42: Dataset | K42: A7 | L42: Pendiente | M42: =IF(L42="Completado",1,IF(L42="En curso",0.5,0)) -> 0 | N42: =IF(L42="Completado","",IF(B42<TODAY(),"Atrasada",IF(B42=TODAY(),"Hoy","")))
... A84: T80 | B84: 46374 | C84: =INT((B84-Panel!$C$5)/7)+1 -> 12 | D84: F8. Consolidación e informe final | E84: 24 | F84: Elaboración y entrega del informe técnico final | G84: Revisar documentación y entregar productos desarrollados. | H84: 3 | I84: ENTREGA FINAL → Avance 12. | J84: Informe_final | K84: A12 | L84: Pendiente | M84: =IF(L84="Completado",1,IF(L84="En curso",0.5,0)) -> 0 | N84: =IF(L84="Completado","",IF(B84<TODAY(),"Atrasada",IF(B84=TODAY(),"Hoy","")))
G85: TOTAL | H85: =SUM(H5:H84) -> 240 | L85: Promedio | M85: =SUMPRODUCT(H5:H84,M5:M84)/H85 -> 0.3

Sheet Avances
A1: Avances para revisión de la tutora
A2: Actualiza Estado, fechas reales y versión cada vez que envíes un avance o recibas correcciones.
A4: Avance | B4: Nombre | C4: Qué presentar | D4: Actividades | E4: Fecha planificada de envío | F4: Fecha real de envío | G4: Fecha de retroalimentación | H4: Versión enviada | I4: Estado | J4: Tareas completadas | K4: Observaciones
A5: A1 | B5: Protocolo de la SLR (v3) + fundamentos | C5: Protocolo completo con el formato del modelo de la tutora: justificación, objetivo, RQ, PICOS, criterios, cadenas de búsqueda, selección, QA, extracción, calidad y síntesis. Consultar a la tutora: literatura biológica como fundamentación (sección 15) y excepción de tallos en CI3. | D5: 1–2 | E5: 46295 | H5: Protocolo v3 + Fundamentos | I5: Pendiente | J5: =IFERROR(COUNTIFS(Itinerario!$K$5:$K$84,A5,Itinerario!$L$5:$L$84,"Completado")&" / "&COUNTIF(Itinerario!$K$5:$K$84,A5),"") -> 6 / 6 | K5: Validado por el autor el 01/10/2026. Registra aquí la fecha de envío a la tutora y su respuesta.
A6: A2 | B6: Búsqueda + matriz consolidada | C6: Bitácora de búsqueda (cadena, fecha, filtros y resultados por base) y matriz con todos los registros consolidados. | D6: 3 | E6: 46297 | I6: Pendiente | J6: =IFERROR(COUNTIFS(Itinerario!$K$5:$K$84,A6,Itinerario!$L$5:$L$84,"Completado")&" / "&COUNTIF(Itinerario!$K$5:$K$84,A6),"") -> 4 / 4
A7: A3 | B7: Selección, calidad y extracción | C7: Matriz con deduplicación, cribado (incluir/excluir/dudoso), motivos E1–E8, QA1–QA5, calidad C1–C10 y extracción de datos. | D7: 4–6 | E7: 46304 | I7: Pendiente | J7: =IFERROR(COUNTIFS(Itinerario!$K$5:$K$84,A7,Itinerario!$L$5:$L$84,"Completado")&" / "&COUNTIF(Itinerario!$K$5:$K$84,A7),"") -> 10 / 10
A8: A4 | B8: Diagrama PRISMA + borrador SLR v1 | C8: Diagrama PRISMA 2020 y borrador completo (introducción, metodología, resultados por RQ, discusión, conclusiones y referencias). La tutora revisa del 15 al 23/10. | D8: 7–8 | E8: 46309 | I8: Pendiente | J8: =IFERROR(COUNTIFS(Itinerario!$K$5:$K$84,A8,Itinerario!$L$5:$L$84,"Completado")&" / "&COUNTIF(Itinerario!$K$5:$K$84,A8),"") -> 2 / 6
A9: A5 | B9: Borrador SLR v2 corregido | C9: Versión corregida + registro de correcciones (qué se cambió y dónde). | D9: 9 | E9: 46321 | I9: Pendiente | J9: =IFERROR(COUNTIFS(Itinerario!$K$5:$K$84,A9,Itinerario!$L$5:$L$84,"Completado")&" / "&COUNTIF(Itinerario!$K$5:$K$84,A9),"") -> 0 / 2
A10: A6 | B10: Protocolo del dataset | C10: Condiciones de captura, clases, nomenclatura, estructura de carpetas y metadatos. | D10: 10 | E10: 46322 | I10: Pendiente | J10: =IFERROR(COUNTIFS(Itinerario!$K$5:$K$84,A10,Itinerario!$L$5:$L$84,"Completado")&" / "&COUNTIF(Itinerario!$K$5:$K$84,A10),"") -> 0 / 2
A11: A7 | B11: Dataset v1 etiquetado | C11: Imágenes depuradas, etiquetadas por clase y con metadatos. | D11: 11–12 | E11: 46330 | I11: Pendiente | J11: =IFERROR(COUNTIFS(Itinerario!$K$5:$K$84,A11,Itinerario!$L$5:$L$84,"Completado")&" / "&COUNTIF(Itinerario!$K$5:$K$84,A11),"") -> 0 / 8
A12: A8 | B12: Modelo de IA seleccionado | C12: Preprocesamiento, experimentos, métricas, matrices de confusión y modelo exportado para móvil. | D12: 13–15 | E12: 46339 | I12: Pendiente | J12: =IFERROR(COUNTIFS(Itinerario!$K$5:$K$84,A12,Itinerario!$L$5:$L$84,"Completado")&" / "&COUNTIF(Itinerario!$K$5:$K$84,A12),"") -> 0 / 14
A13: A9 | B13: Diseño HCI + prototipo | C13: Perfiles de usuario, requisitos de interacción, wireframes y prototipo navegable. | D13: 16–17 | E13: 46343 | I13: Pendiente | J13: =IFERROR(COUNTIFS(Itinerario!$K$5:$K$84,A13,Itinerario!$L$5:$L$84,"Completado")&" / "&COUNTIF(Itinerario!$K$5:$K$84,A13),"") -> 0 / 4
A14: A10 | B14: App con modelo integrado y sin conexión | C14: App funcional con captura, inferencia en el dispositivo, resultados y funcionamiento sin Internet. | D14: 18–20 | E14: 46351 | I14: Pendiente | J14: =IFERROR(COUNTIFS(Itinerario!$K$5:$K$84,A14,Itinerario!$L$5:$L$84,"Completado")&" / "&COUNTIF(Itinerario!$K$5:$K$84,A14),"") -> 0 / 12
A15: A11 | B15: Evaluación y validación | C15: Pruebas funcionales, usabilidad (SUS), experiencia de usuario y validación con imágenes de tallos. | D15: 21–22 | E15: 46356 | I15: Pendiente | J15: =IFERROR(COUNTIFS(Itinerario!$K$5:$K$84,A15,Itinerario!$L$5:$L$84,"Completado")&" / "&COUNTIF(Itinerario!$K$5:$K$84,A15),"") -> 0 / 6
A16: A12 | B16: Informe técnico final | C16: Dataset, modelo, app, código fuente e informe final. | D16: 23–24 | E16: 46374 | I16: Pendiente | J16: =IFERROR(COUNTIFS(Itinerario!$K$5:$K$84,A16,Itinerario!$L$5:$L$84,"Completado")&" / "&COUNTIF(Itinerario!$K$5:$K$84,A16),"") -> 0 / 6

Sheet Checklist_Protocolo
A1: Checklist del Protocolo SLR v3 (Avance A1)
A2: Archivo: SLR_SmartAgriculture/01_Induccion/Protocolo_SLR_SmartAgriculture_v3.docx. Revisado por el autor el 01/10/2026.
A4: N.º | B4: Sección / tarea | C4: Qué verificar | D4: Estado | E4: Notas
A5: 1 | B5: Encabezado y título | C5: Universidad, estudiante, tutora y título (tallo del aguacate + IA + Smart Agriculture). | D5: Revisado
A6: 2 | B6: 1. Antecedentes / justificación | C6: Citas solo de Grupos v2; revisiones como fuentes de antecedentes. | D6: Revisado
A7: 3 | B7: 2–4. Objetivo, pregunta principal y RQ1–RQ5 | C7: Cada RQ se responde con campos de extracción de la matriz v5. | D7: Revisado
A8: 4 | B8: 5. Marco PICOS | C8: Población (aguacate / cultivos), intervención (IA), resultados y tipo de estudio. | D8: Revisado
A9: 5 | B9: 6. Criterios fitopatológicos | C9: CI-F1–CI-F4 y CE-F1–CE-F5 (2003–2026); 'stem-end rot' = fruto. | D9: Revisado
A10: 6 | B10: 6. Criterios tecnológicos | C10: CI-T1–CI-T4 y CE-T1–CE-T4 (2015–2026). | D10: Revisado
A11: 7 | B11: 7. Fuentes de información | C11: Scopus, ScienceDirect y Springer Link; IEEE Xplore y WoS sin acceso (limitación). | D11: Revisado
A12: 8 | B12: 8. Estrategia de búsqueda | C12: 16 cadenas (fitopatológicas, tecnológicas y complementarias C16–C18) con fecha. | D12: Revisado
A13: 9 | B13: 9. Gestión y deduplicación | C13: Duplicados dentro de cada base y entre bases (A0040, A0044, A0047, A0048). | D13: Revisado
A14: 10 | B14: 10. Selección de estudios | C14: Un revisor principal; la tutora verifica dudosos y el 10 % de excluidos. | D14: Revisado
A15: 11 | B15: 11. Revisiones | C15: Se retiran antes del cribado ('otros motivos') y se usan en el estado del arte. | D15: Revisado
A16: 12 | B16: 12. Extracción de datos | C16: Campos fitopatológicos y tecnológicos de la hoja Articulos_finales. | D16: Revisado
... A22: 18 | B22: Validación | C22: Validado por el autor el 01/10/2026; enviar a la tutora con el Avance A1. | D22: Revisado
B24: Avance del checklist | D24: =COUNTIF(D5:D22,"Revisado")/COUNTA(D5:D22) -> 1
